{"stats":{"minecraft:mined":{"minecraft:white_bed":7,"minecraft:light_blue_bed":6},"minecraft:custom":{"minecraft:open_barrel":18,"minecraft:open_shulker_box":21,"minecraft:bell_ring":8,"minecraft:leave_game":58,"minecraft:time_since_death":3852007,"minecraft:sprint_one_cm":503269,"minecraft:drop":369,"minecraft:talked_to_villager":5,"minecraft:jump":2045,"minecraft:interact_with_brewingstand":131,"minecraft:walk_on_water_one_cm":199918,"minecraft:interact_with_furnace":31,"minecraft:interact_with_cartography_table":3,"minecraft:play_one_minute":3852007,"minecraft:interact_with_loom":2,"minecraft:open_enderchest":3,"minecraft:damage_dealt":3321,"minecraft:crouch_one_cm":63412,"minecraft:interact_with_smoker":1,"minecraft:inspect_dispenser":193,"minecraft:inspect_dropper":336,"minecraft:mob_kills":683,"minecraft:inspect_hopper":954,"minecraft:fill_cauldron":9,"minecraft:climb_one_cm":1944,"minecraft:walk_one_cm":1119941,"minecraft:damage_dealt_absorbed":43217,"minecraft:sneak_time":161079,"minecraft:walk_under_water_one_cm":180576,"minecraft:boat_one_cm":1595,"minecraft:interact_with_lectern":1,"minecraft:tune_noteblock":166,"minecraft:pot_flower":24,"minecraft:time_since_rest":3852007,"minecraft:trigger_trapped_chest":22,"minecraft:minecart_one_cm":165820,"minecraft:swim_one_cm":260,"minecraft:fly_one_cm":14826070,"minecraft:open_chest":296},"minecraft:dropped":{"minecraft:porkchop":3,"minecraft:lapis_lazuli":64,"minecraft:dark_oak_sapling":1,"minecraft:cooked_porkchop":1,"minecraft:prismarine_brick_stairs":32,"minecraft:red_wool":1,"minecraft:structure_void":2,"minecraft:red_mushroom":1,"minecraft:dirt":6,"minecraft:redstone_lamp":1,"minecraft:white_wool":22,"minecraft:wheat":448,"minecraft:yellow_wool":1,"minecraft:blue_wool":2,"minecraft:beetroot":1073,"minecraft:carrot":1088,"minecraft:dropper":2,"minecraft:quartz_block":2,"minecraft:hopper":85,"minecraft:glowstone":68,"minecraft:chest":1,"minecraft:light_gray_concrete_powder":1,"minecraft:splash_potion":1,"minecraft:green_stained_glass":1,"minecraft:egg":32,"minecraft:water_bucket":1,"minecraft:orange_shulker_box":2,"minecraft:minecart":3,"minecraft:cobblestone":122,"minecraft:observer":2,"minecraft:hopper_minecart":1,"minecraft:command_block":4,"minecraft:acacia_trapdoor":1,"minecraft:polished_andesite":1,"minecraft:repeater":4,"minecraft:melon_slice":64,"minecraft:smooth_quartz":2,"minecraft:cooked_salmon":64,"minecraft:potion":66,"minecraft:pumpkin":12,"minecraft:paper":76,"minecraft:bucket":16,"minecraft:redstone_block":1,"minecraft:redstone":333,"minecraft:sweet_berries":24,"minecraft:nether_wart":388,"minecraft:composter":2,"minecraft:comparator":29,"minecraft:light_gray_concrete":1,"minecraft:white_shulker_box":50,"minecraft:nether_bricks":1,"minecraft:oak_sign":4,"minecraft:diamond_sword":3,"minecraft:potato":320,"minecraft:stone":5,"minecraft:redstone_torch":6,"minecraft:stone_bricks":1,"minecraft:bamboo":87,"minecraft:dark_prismarine":1,"minecraft:light_blue_shulker_box":2,"minecraft:quartz_slab":3},"minecraft:picked_up":{"minecraft:shulker_shell":17,"minecraft:birch_door":4,"minecraft:wheat":114,"minecraft:redstone_block":64,"minecraft:lead":1,"minecraft:potion":268,"minecraft:birch_button":64,"minecraft:cooked_salmon":54,"minecraft:sticky_piston":17,"minecraft:oak_sign":2,"minecraft:beetroot":853,"minecraft:activator_rail":4,"minecraft:comparator":43,"minecraft:bucket":1,"minecraft:spruce_planks":11,"minecraft:redstone_torch":43,"minecraft:smooth_quartz":2,"minecraft:melon_slice":71,"minecraft:stick":1,"minecraft:orange_shulker_box":3,"minecraft:composter":2,"minecraft:spruce_stairs":32,"minecraft:porkchop":28,"minecraft:light_gray_banner":4,"minecraft:zombie_spawn_egg":2,"minecraft:quartz_block":1,"minecraft:cactus":2,"minecraft:rotten_flesh":26,"minecraft:command_block":4,"minecraft:glowstone":3,"minecraft:wolf_spawn_egg":80,"minecraft:snowball":23,"minecraft:blaze_powder":249,"minecraft:cobblestone":205,"minecraft:water_bucket":5,"minecraft:iron_door":2,"minecraft:feather":2,"minecraft:cooked_beef":72,"minecraft:repeater":27,"minecraft:magma_cream":3,"minecraft:birch_slab":1,"minecraft:potato":95,"minecraft:lapis_lazuli":2,"minecraft:dirt":30,"minecraft:wheat_seeds":10,"minecraft:bamboo":1912,"minecraft:glowstone_dust":64,"minecraft:powered_rail":103,"minecraft:cooked_porkchop":2,"minecraft:sand":97,"minecraft:dropper":7,"minecraft:structure_void":3,"minecraft:light_blue_shulker_box":3,"minecraft:fermented_spider_eye":1151,"minecraft:dark_prismarine":1,"minecraft:light_gray_concrete":1,"minecraft:polished_andesite":1,"minecraft:lever":7,"minecraft:bone_meal":59,"minecraft:spruce_button":3,"minecraft:bread":200,"minecraft:oak_sapling":6,"minecraft:light_gray_carpet":12,"minecraft:cocoa_beans":38,"minecraft:azure_bluet":3,"minecraft:splash_potion":63,"minecraft:chicken":3,"minecraft:nether_wart":161,"minecraft:redstone_lamp":63,"minecraft:brown_mushroom":9,"minecraft:acacia_button":1,"minecraft:flint_and_steel":23,"minecraft:quartz_slab":3,"minecraft:item_frame":1,"minecraft:white_carpet":1,"minecraft:birch_fence":32,"minecraft:detector_rail":3,"minecraft:beef":17,"minecraft:observer":64,"minecraft:poppy":2,"minecraft:sugar_cane":17,"minecraft:chest":11,"minecraft:birch_sapling":1,"minecraft:egg":31,"minecraft:dark_oak_sapling":1,"minecraft:stone":194,"minecraft:bowl":64,"minecraft:fire_charge":60,"minecraft:stone_button":19,"minecraft:carrot":660,"minecraft:redstone":282,"minecraft:stone_pressure_plate":2,"minecraft:beetroot_seeds":56,"minecraft:nether_bricks":1,"minecraft:white_shulker_box":6,"minecraft:white_wool":40,"minecraft:rail":18,"minecraft:oxeye_daisy":1,"minecraft:tripwire_hook":2,"minecraft:salmon":1,"minecraft:leather":2,"minecraft:red_mushroom":1,"minecraft:gunpowder":193,"minecraft:paper":1045,"minecraft:kelp":36,"minecraft:gray_carpet":4,"minecraft:apple":45,"minecraft:acacia_trapdoor":1,"minecraft:iron_ingot":11,"minecraft:cooked_chicken":48,"minecraft:prismarine_brick_stairs":34,"minecraft:scaffolding":5,"minecraft:red_concrete_powder":24,"minecraft:sweet_berries":7,"minecraft:pumpkin":37,"minecraft:red_wool":1,"minecraft:dandelion":1,"minecraft:gravel":2,"minecraft:lava_bucket":2,"minecraft:green_stained_glass":1,"minecraft:nether_brick_slab":1,"minecraft:painting":3,"minecraft:birch_sign":6,"minecraft:coal":448,"minecraft:hopper":71,"minecraft:ender_pearl":8},"minecraft:crafted":{"minecraft:stone":4},"minecraft:used":{"minecraft:peony":2,"minecraft:nether_brick_fence":65,"minecraft:jack_o_lantern":3,"minecraft:blue_terracotta":73,"minecraft:writable_book":4,"minecraft:polished_granite_stairs":5,"minecraft:red_sand":15,"minecraft:light_gray_stained_glass_pane":18,"minecraft:smooth_quartz_slab":27,"minecraft:bone_block":20,"minecraft:dispenser":124,"minecraft:spruce_slab":108,"minecraft:dead_tube_coral_fan":1,"minecraft:diamond_hoe":1,"minecraft:ladder":38,"minecraft:oak_sign":292,"minecraft:black_carpet":16,"minecraft:white_concrete_powder":2,"minecraft:nether_wart":1,"minecraft:chest":90,"minecraft:donkey_spawn_egg":2,"minecraft:zombie_spawn_egg":26,"minecraft:stone":168,"minecraft:iron_sword":24,"minecraft:white_shulker_box":7,"minecraft:stripped_jungle_wood":46,"minecraft:quartz_stairs":237,"minecraft:red_nether_brick_stairs":2,"minecraft:grass":18,"minecraft:bell":10,"minecraft:vex_spawn_egg":1,"minecraft:player_head":14,"minecraft:smooth_sandstone_stairs":1,"minecraft:farmland":14,"minecraft:debug_stick":74,"minecraft:spruce_leaves":64,"minecraft:soul_sand":37,"minecraft:cocoa_beans":61,"minecraft:birch_pressure_plate":4,"minecraft:lily_of_the_valley":1,"minecraft:jungle_planks":85,"minecraft:nether_bricks":287,"minecraft:prismarine_brick_stairs":28,"minecraft:carrot":14,"minecraft:jungle_slab":48,"minecraft:allium":3,"minecraft:orange_wool":91,"minecraft:acacia_button":3,"minecraft:cyan_wool":4,"minecraft:snowball":9,"minecraft:azure_bluet":23,"minecraft:obsidian":81,"minecraft:glass":964,"minecraft:packed_ice":606,"minecraft:cyan_terracotta":1630,"minecraft:lava_bucket":14,"minecraft:stripped_dark_oak_wood":11,"minecraft:bricks":5,"minecraft:quartz_pillar":360,"minecraft:villager_spawn_egg":23,"minecraft:spruce_wood":6,"minecraft:red_wool":415,"minecraft:quartz_slab":188,"minecraft:lantern":17,"minecraft:grass_block":1244,"minecraft:blue_orchid":6,"minecraft:quartz_block":1328,"minecraft:birch_sapling":1,"minecraft:polished_andesite_stairs":67,"minecraft:orange_shulker_box":3,"minecraft:green_wool":758,"minecraft:dark_oak_wood":7,"minecraft:dark_oak_leaves":26,"minecraft:light_blue_bed":10,"minecraft:dark_oak_slab":5,"minecraft:gray_concrete_powder":3,"minecraft:dark_oak_button":10,"minecraft:hopper_minecart":63,"minecraft:diorite_wall":1,"minecraft:stone_brick_stairs":195,"minecraft:stone_bricks":764,"minecraft:item_frame":111,"minecraft:red_nether_brick_wall":6,"minecraft:birch_button":12,"minecraft:birch_trapdoor":18,"minecraft:repeater":1152,"minecraft:red_carpet":8,"minecraft:redstone_lamp":371,"minecraft:snow":8,"minecraft:magma_block":9,"minecraft:brown_carpet":12,"minecraft:hay_block":7,"minecraft:scaffolding":45,"minecraft:written_book":18,"minecraft:sweet_berries":24,"minecraft:jungle_button":1,"minecraft:oak_sapling":24,"minecraft:yellow_glazed_terracotta":2,"minecraft:furnace":16,"minecraft:beetroot_seeds":64,"minecraft:gold_block":6,"minecraft:egg":1,"minecraft:gray_banner":13,"minecraft:end_stone_brick_stairs":14,"minecraft:potato":18,"minecraft:dragon_head":4,"minecraft:dead_brain_coral_fan":1,"minecraft:seagrass":8,"minecraft:dark_prismarine_stairs":8,"minecraft:large_fern":4,"minecraft:stripped_spruce_wood":43,"minecraft:dark_oak_sapling":73,"minecraft:diorite":1,"minecraft:damaged_anvil":1,"minecraft:dark_oak_stairs":2,"minecraft:end_rod":3,"minecraft:cow_spawn_egg":18,"minecraft:end_stone_bricks":41,"minecraft:spruce_door":1,"minecraft:dropper":305,"minecraft:wither_skeleton_skull":6,"minecraft:gray_carpet":27,"minecraft:powered_rail":1477,"minecraft:stripped_birch_log":4,"minecraft:birch_leaves":240,"minecraft:red_stained_glass":2,"minecraft:dark_oak_sign":4,"minecraft:acacia_trapdoor":48,"minecraft:oak_planks":60,"minecraft:polished_diorite_slab":12,"minecraft:orange_tulip":3,"minecraft:cactus":2,"minecraft:composter":8,"minecraft:sandstone":3,"minecraft:structure_void":33,"minecraft:redstone_block":487,"minecraft:jungle_pressure_plate":1,"minecraft:clay":6,"minecraft:sugar_cane":7,"minecraft:purpur_pillar":7,"minecraft:jungle_boat":1,"minecraft:oak_leaves":145,"minecraft:smooth_quartz_stairs":40,"minecraft:brain_coral":4,"minecraft:white_wool":39,"minecraft:dark_oak_trapdoor":5,"minecraft:golden_hoe":16,"minecraft:sand":346,"minecraft:yellow_terracotta":412,"minecraft:light_blue_concrete":33,"minecraft:cut_sandstone_slab":6,"minecraft:loom":15,"minecraft:light_blue_wool":219,"minecraft:blast_furnace":3,"minecraft:smooth_red_sandstone":2,"minecraft:acacia_leaves":55,"minecraft:gray_concrete":63,"minecraft:sponge":22,"minecraft:purple_terracotta":29,"minecraft:chiseled_quartz_block":68,"minecraft:lingering_potion":1,"minecraft:note_block":15,"minecraft:stone_brick_wall":68,"minecraft:end_stone":2,"minecraft:pumpkin_seeds":14,"minecraft:birch_fence":86,"minecraft:redstone_torch":785,"minecraft:sticky_piston":574,"minecraft:lever":64,"minecraft:birch_slab":100,"minecraft:daylight_detector":4,"minecraft:stone_button":236,"minecraft:string":65,"minecraft:birch_fence_gate":14,"minecraft:acacia_door":1,"minecraft:brown_wool":79,"minecraft:dark_oak_log":7,"minecraft:gray_stained_glass_pane":330,"minecraft:light_gray_concrete":249,"minecraft:zombie_head":1,"minecraft:heavy_weighted_pressure_plate":10,"minecraft:brown_stained_glass":3,"minecraft:barrier":147,"minecraft:cyan_carpet":40,"minecraft:lectern":1,"minecraft:white_glazed_terracotta":5,"minecraft:red_terracotta":19,"minecraft:polished_granite":79,"minecraft:iron_door":21,"minecraft:gravel":144,"minecraft:lilac":10,"minecraft:polished_andesite_slab":90,"minecraft:jungle_sign":1,"minecraft:nether_wart_block":67,"minecraft:diamond_sword":678,"minecraft:coal_block":10,"minecraft:wooden_sword":2,"minecraft:stripped_oak_wood":122,"minecraft:smithing_table":1,"minecraft:bubble_coral_block":2,"minecraft:white_stained_glass":400,"minecraft:green_concrete_powder":22,"minecraft:andesite":152,"minecraft:oak_boat":3,"minecraft:mossy_cobblestone_wall":5,"minecraft:smooth_stone_slab":179,"minecraft:chest_minecart":24,"minecraft:white_concrete":2634,"minecraft:coarse_dirt":77,"minecraft:bone_meal":481,"minecraft:purple_wool":44,"minecraft:gray_stained_glass":100,"minecraft:cobweb":6,"minecraft:oak_fence":5,"minecraft:oak_trapdoor":60,"minecraft:iron_bars":75,"minecraft:stripped_acacia_wood":56,"minecraft:jungle_leaves":2,"minecraft:rose_bush":14,"minecraft:enchanting_table":4,"minecraft:dead_tube_coral_block":15,"minecraft:acacia_log":1,"minecraft:flint_and_steel":7,"minecraft:carved_pumpkin":3,"minecraft:armor_stand":2,"minecraft:redstone":4371,"minecraft:pufferfish_spawn_egg":1,"minecraft:light_gray_carpet":75,"minecraft:light_blue_terracotta":1601,"minecraft:spruce_planks":221,"minecraft:ender_chest":1,"minecraft:wooden_shovel":35,"minecraft:stripped_birch_wood":41,"minecraft:sandstone_wall":26,"minecraft:structure_block":76,"minecraft:netherrack":143,"minecraft:torch":5,"minecraft:oak_door":7,"minecraft:orange_stained_glass":2,"minecraft:end_stone_brick_wall":12,"minecraft:brewing_stand":11,"minecraft:dirt":175,"minecraft:red_nether_brick_slab":4,"minecraft:white_carpet":52,"minecraft:hopper":1267,"minecraft:prismarine_bricks":15,"minecraft:spruce_stairs":65,"minecraft:cobblestone_wall":26,"minecraft:stone_stairs":2,"minecraft:nether_brick_slab":7,"minecraft:oak_wood":60,"minecraft:polished_granite_slab":7,"minecraft:jungle_trapdoor":69,"minecraft:blue_concrete":245,"minecraft:dead_brain_coral_block":2,"minecraft:spruce_fence":53,"minecraft:nether_brick_stairs":16,"minecraft:oak_fence_gate":11,"minecraft:polished_diorite":76,"minecraft:fern":28,"minecraft:andesite_wall":77,"minecraft:birch_door":39,"minecraft:stone_brick_slab":251,"minecraft:dark_oak_planks":17,"minecraft:brown_terracotta":9,"minecraft:sea_lantern":190,"minecraft:chipped_anvil":21,"minecraft:red_tulip":6,"minecraft:light_gray_stained_glass":21,"minecraft:bookshelf":147,"minecraft:iron_block":410,"minecraft:light_weighted_pressure_plate":1,"minecraft:oak_stairs":53,"minecraft:spruce_button":12,"minecraft:slime_block":42,"minecraft:smooth_sandstone":31,"minecraft:spawner":16,"minecraft:chicken_spawn_egg":1,"minecraft:smooth_quartz":798,"minecraft:prismarine_slab":11,"minecraft:melon_seeds":14,"minecraft:barrel":7,"minecraft:bamboo":24,"minecraft:light_gray_wool":739,"minecraft:tripwire_hook":15,"minecraft:glowstone":824,"minecraft:tall_grass":4,"minecraft:emerald_block":5,"minecraft:wolf_spawn_egg":15,"minecraft:gray_glazed_terracotta":118,"minecraft:magenta_terracotta":76,"minecraft:iron_trapdoor":41,"minecraft:white_stained_glass_pane":4,"minecraft:podzol":143,"minecraft:drowned_spawn_egg":2,"minecraft:minecart":19,"minecraft:acacia_wood":41,"minecraft:trapped_chest":27,"minecraft:stone_pressure_plate":33,"minecraft:horn_coral_block":3,"minecraft:dead_bubble_coral_block":42,"minecraft:observer":269,"minecraft:turtle_egg":9,"minecraft:orange_terracotta":19,"minecraft:horn_coral_fan":3,"minecraft:wheat_seeds":38,"minecraft:water_bucket":300,"minecraft:nether_brick_wall":5,"minecraft:light_blue_shulker_box":3,"minecraft:iron_ore":1,"minecraft:pink_tulip":8,"minecraft:tube_coral_block":1,"minecraft:snow_block":9,"minecraft:prismarine_brick_slab":4,"minecraft:birch_planks":297,"minecraft:lead":3,"minecraft:polished_andesite":962,"minecraft:cartography_table":17,"minecraft:lime_wool":211,"minecraft:red_nether_bricks":62,"minecraft:bubble_coral_fan":1,"minecraft:blue_wool":495,"minecraft:andesite_slab":19,"minecraft:spruce_fence_gate":6,"minecraft:brown_mushroom":8,"minecraft:cut_sandstone":1,"minecraft:fletching_table":2,"minecraft:spruce_sign":46,"minecraft:cauldron":30,"minecraft:sheep_spawn_egg":1,"minecraft:stonecutter":1,"minecraft:beacon":1,"minecraft:vindicator_spawn_egg":1,"minecraft:cobblestone_slab":19,"minecraft:gold_ore":1,"minecraft:cracked_stone_bricks":59,"minecraft:diamond_block":4,"minecraft:light_gray_banner":25,"minecraft:jungle_wood":54,"minecraft:lime_terracotta":33,"minecraft:comparator":582,"minecraft:rail":542,"minecraft:stripped_dark_oak_log":9,"minecraft:vine":2,"minecraft:dark_prismarine_slab":75,"minecraft:oak_slab":33,"minecraft:tnt":2,"minecraft:crafting_table":7,"minecraft:dead_fire_coral_block":2,"minecraft:red_mushroom":9,"minecraft:birch_sign":203,"minecraft:white_bed":13,"minecraft:campfire":24,"minecraft:dark_oak_fence_gate":6,"minecraft:light_gray_concrete_powder":4,"minecraft:fire_coral":1,"minecraft:painting":18,"minecraft:smoker":2,"minecraft:cake":2,"minecraft:spruce_log":21,"minecraft:mushroom_stem":15,"minecraft:dark_oak_door":14,"minecraft:cyan_stained_glass":9,"minecraft:bat_spawn_egg":2,"minecraft:cornflower":6,"minecraft:oak_log":125,"minecraft:blue_stained_glass_pane":14,"minecraft:gray_terracotta":352,"minecraft:activator_rail":12,"minecraft:piston":155,"minecraft:dark_prismarine":340,"minecraft:flower_pot":32,"minecraft:wooden_hoe":60,"minecraft:black_wool":42,"minecraft:acacia_sign":5,"minecraft:command_block":52,"minecraft:sunflower":1,"minecraft:oak_button":4,"minecraft:pig_spawn_egg":3,"minecraft:detector_rail":43,"minecraft:stone_slab":11,"minecraft:purpur_slab":8,"minecraft:spruce_trapdoor":27,"minecraft:yellow_wool":743,"minecraft:blue_carpet":4,"minecraft:green_carpet":15,"minecraft:chiseled_stone_bricks":29,"minecraft:fire_coral_block":1,"minecraft:cobblestone":138,"minecraft:red_concrete_powder":13,"minecraft:white_banner":9,"minecraft:bucket":10,"minecraft:glass_pane":67,"minecraft:magenta_glazed_terracotta":5,"minecraft:red_banner":1,"minecraft:sandstone_slab":6,"minecraft:lapis_block":1,"minecraft:grass_path":8,"minecraft:repeating_command_block":3,"minecraft:end_portal_frame":1,"minecraft:sea_pickle":9,"minecraft:stripped_oak_log":254,"minecraft:birch_stairs":68,"minecraft:gray_wool":730,"minecraft:kelp":12,"minecraft:purple_carpet":5,"minecraft:brown_mushroom_block":9,"minecraft:jukebox":4,"minecraft:smooth_stone":613,"minecraft:splash_potion":48,"minecraft:pillager_spawn_egg":2,"minecraft:green_stained_glass":12},"minecraft:killed":{"minecraft:chicken":2,"minecraft:pig":2,"minecraft:salmon":1,"minecraft:iron_golem":2,"minecraft:donkey":1,"minecraft:zombie":8,"minecraft:vex":2,"minecraft:drowned":1,"minecraft:snow_golem":3,"minecraft:bat":11,"minecraft:villager":6}},"DataVersion":1968}