{"stat.useItem.minecraft.quartz_block":12660,"stat.useItem.minecraft.painting":95,"stat.leaveGame":38,"stat.useItem.minecraft.log2":1,"stat.useItem.minecraft.beacon":22,"stat.useItem.minecraft.bookshelf":9,"stat.useItem.minecraft.diamond_sword":14,"stat.useItem.minecraft.glowstone":92,"stat.swimOneCm":16858,"stat.useItem.minecraft.snow":322,"stat.useItem.minecraft.planks":544,"stat.climbOneCm":10520,"stat.useItem.minecraft.fire_charge":16,"stat.useItem.minecraft.coal_block":1,"stat.useItem.minecraft.redstone_torch":142,"stat.useItem.minecraft.dirt":433,"stat.useItem.minecraft.stone_slab2":18,"achievement.exploreAllBiomes":{"value":0,"progress":["Savanna Plateau","ForestHills","Roofed Forest","Flower Forest","Plains","TaigaHills","Beach","DesertHills","Extreme Hills+","Savanna Plateau M","Forest","River","Ocean","Taiga","Desert","Extreme Hills","Deep Ocean","Savanna"]},"stat.useItem.minecraft.diamond_hoe":1,"stat.useItem.minecraft.sandstone_stairs":64,"stat.useItem.minecraft.rail":592,"stat.useItem.minecraft.anvil":1,"stat.flyOneCm":7485027,"stat.timeSinceDeath":222,"stat.useItem.minecraft.sign":77,"stat.useItem.minecraft.wooden_slab":277,"stat.useItem.minecraft.lever":6,"stat.useItem.minecraft.oak_stairs":21,"stat.useItem.minecraft.minecart":4,"stat.useItem.minecraft.written_book":3,"stat.useItem.minecraft.trapdoor":41,"stat.sprintOneCm":618948,"stat.useItem.minecraft.stained_glass":24,"stat.useItem.minecraft.fence":62,"stat.useItem.minecraft.stone_stairs":7,"stat.useItem.minecraft.stone_slab":354,"stat.useItem.minecraft.ice":114,"achievement.openInventory":797,"stat.useItem.minecraft.cauldron":4,"stat.useItem.minecraft.flint_and_steel":7,"stat.useItem.minecraft.wheat_seeds":3,"stat.useItem.minecraft.diamond_pickaxe":6,"stat.useItem.minecraft.dye":6,"stat.deaths":6,"stat.drop":75,"stat.playOneMinute":850610,"stat.useItem.minecraft.ladder":29,"stat.killEntity.Zombie":5,"stat.diveOneCm":22287,"stat.useItem.minecraft.stone":160,"stat.useItem.minecraft.quartz_stairs":64,"stat.useItem.minecraft.sponge":8,"stat.useItem.minecraft.carpet":167,"stat.useItem.minecraft.heavy_weighted_pressure_plate":2,"stat.useItem.minecraft.stained_glass_pane":115,"stat.useItem.minecraft.flower_pot":4,"stat.useItem.minecraft.bedrock":40,"stat.jump":2884,"stat.useItem.minecraft.iron_trapdoor":1,"stat.useItem.minecraft.wooden_hoe":2,"stat.fallOneCm":211,"stat.crouchOneCm":31105,"stat.useItem.minecraft.coal_ore":1,"stat.useItem.minecraft.stone_button":11,"stat.useItem.minecraft.emerald_ore":1,"stat.useItem.minecraft.glass":1739,"stat.boatOneCm":2736,"stat.useItem.minecraft.golden_rail":34,"stat.useItem.minecraft.stone_brick_stairs":94,"stat.useItem.minecraft.furnace":9,"stat.useItem.minecraft.acacia_door":3,"stat.useItem.minecraft.slime":1,"stat.damageDealt":2200,"stat.useItem.minecraft.snow_layer":1172,"stat.useItem.minecraft.wool":146,"stat.walkOneCm":1982221,"stat.useItem.minecraft.chest":2,"stat.useItem.minecraft.tnt":165,"stat.useItem.minecraft.cobblestone":197,"stat.useItem.minecraft.gravel":2,"stat.minecartOneCm":30675,"stat.useItem.minecraft.item_frame":32,"stat.useItem.minecraft.spruce_stairs":2,"stat.useItem.minecraft.stained_hardened_clay":5063,"stat.useItem.minecraft.leaves":90,"stat.useItem.minecraft.tallgrass":16,"stat.useItem.minecraft.glass_pane":214,"stat.useItem.minecraft.netherrack":7,"stat.useItem.minecraft.birch_door":1,"stat.killEntity.Skeleton":2,"stat.useItem.minecraft.tripwire_hook":1,"stat.useItem.minecraft.barrier":32,"stat.killEntity.Spider":1,"stat.useItem.minecraft.jungle_door":1,"stat.useItem.minecraft.daylight_detector":19,"stat.mobKills":17,"stat.useItem.minecraft.stonebrick":1254,"stat.useItem.minecraft.wooden_door":3,"stat.useItem.minecraft.boat":4,"stat.useItem.minecraft.cobblestone_wall":42,"stat.useItem.minecraft.writable_book":6,"stat.mineBlock.minecraft.stone":6,"stat.useItem.minecraft.sandstone":122}