{"stat.useItem.minecraft.bow":9,"stat.useItem.minecraft.lapis_block":1,"stat.useItem.minecraft.quartz_block":4529,"stat.useItem.minecraft.painting":3,"stat.leaveGame":25,"stat.useItem.minecraft.beacon":23,"stat.useItem.minecraft.soul_sand":1,"stat.useItem.minecraft.skull":8,"stat.useItem.minecraft.glowstone":100,"stat.swimOneCm":46006,"stat.useItem.minecraft.snow":4,"stat.useItem.minecraft.planks":1504,"stat.useItem.minecraft.nether_brick_stairs":6,"stat.useItem.minecraft.redstone_torch":1,"stat.useItem.minecraft.dirt":949,"stat.useItem.minecraft.stone_slab2":3,"achievement.exploreAllBiomes":{"value":0,"progress":["ForestHills","Roofed Forest","River","Forest","Plains"]},"stat.useItem.minecraft.vine":21,"stat.useItem.minecraft.anvil":6,"stat.flyOneCm":2531594,"stat.timeSinceDeath":696776,"stat.useItem.minecraft.sign":168,"stat.useItem.minecraft.spawn_egg":4,"stat.useItem.minecraft.wooden_slab":1850,"stat.useItem.minecraft.iron_door":12,"stat.useItem.minecraft.lever":13,"stat.useItem.minecraft.oak_stairs":38,"stat.useItem.minecraft.dark_oak_stairs":197,"stat.useItem.minecraft.double_plant":31,"stat.useItem.minecraft.redstone":5,"stat.useItem.minecraft.trapdoor":1,"stat.sprintOneCm":535093,"stat.useItem.minecraft.stained_glass":3,"stat.useItem.minecraft.fence":33,"stat.useItem.minecraft.stone_stairs":12,"stat.useItem.minecraft.dark_oak_door":1,"stat.useItem.minecraft.stone_slab":506,"stat.useItem.minecraft.ice":23,"achievement.openInventory":939,"stat.useItem.minecraft.cauldron":19,"stat.useItem.minecraft.flint_and_steel":675,"stat.useItem.minecraft.wooden_button":66,"stat.useItem.minecraft.stone_pressure_plate":3,"stat.useItem.minecraft.hopper":32,"stat.useItem.minecraft.dye":89,"stat.drop":6,"stat.playOneMinute":696776,"stat.useItem.minecraft.banner":41,"stat.useItem.minecraft.ladder":8,"stat.useItem.minecraft.birch_stairs":1,"stat.diveOneCm":9789,"stat.useItem.minecraft.stone":2868,"stat.useItem.minecraft.quartz_stairs":190,"stat.useItem.minecraft.waterlily":32,"stat.useItem.minecraft.carpet":43,"stat.useItem.minecraft.heavy_weighted_pressure_plate":5,"stat.useItem.minecraft.clay":6,"stat.useItem.minecraft.stained_glass_pane":1230,"stat.useItem.minecraft.flower_pot":5,"stat.useItem.minecraft.bedrock":1,"stat.jump":2590,"stat.useItem.minecraft.sand":12,"stat.crouchOneCm":31825,"stat.craftItem.minecraft.banner":2,"stat.useItem.minecraft.stone_button":14,"stat.useItem.minecraft.glass":12,"stat.useItem.minecraft.sapling":23,"stat.useItem.minecraft.dark_oak_fence":242,"stat.useItem.minecraft.stone_brick_stairs":23,"stat.useItem.minecraft.reeds":269,"stat.useItem.minecraft.furnace":2,"stat.useItem.minecraft.birch_fence":6,"stat.damageDealt":140,"stat.useItem.minecraft.snow_layer":165,"stat.useItem.minecraft.wool":148,"stat.useItem.minecraft.crafting_table":1,"stat.killEntity.Pig":4,"stat.useItem.minecraft.iron_bars":52,"stat.useItem.minecraft.command_block":3,"stat.walkOneCm":1499950,"stat.useItem.minecraft.log":134,"stat.useItem.minecraft.cobblestone":87,"stat.useItem.minecraft.emerald_block":4,"stat.useItem.minecraft.redstone_block":16,"stat.useItem.minecraft.item_frame":10,"stat.useItem.minecraft.stained_hardened_clay":1054,"stat.useItem.minecraft.leaves":338,"stat.useItem.minecraft.glass_pane":274,"stat.useItem.minecraft.deadbush":2,"stat.useItem.minecraft.netherrack":35,"stat.useItem.minecraft.prismarine":221,"stat.useItem.minecraft.tripwire_hook":1,"stat.useItem.minecraft.barrier":68,"stat.mobKills":5,"stat.useItem.minecraft.spruce_door":5,"stat.useItem.minecraft.sandstone":21}