{"stat.useItem.minecraft.string":12,"stat.useItem.minecraft.lapis_block":1,"stat.useItem.minecraft.quartz_block":6991,"stat.useItem.minecraft.painting":2638,"stat.useItem.minecraft.repeater":1,"stat.leaveGame":48,"stat.useItem.minecraft.beacon":55,"stat.useItem.minecraft.bookshelf":22,"stat.useItem.minecraft.skull":23,"stat.useItem.minecraft.glowstone":111,"stat.swimOneCm":174712,"stat.useItem.minecraft.snow":49,"stat.useItem.minecraft.planks":447,"stat.useItem.minecraft.coal_block":5,"stat.useItem.minecraft.dirt":807,"stat.useItem.minecraft.stone_slab2":13,"achievement.exploreAllBiomes":{"value":0,"progress":["Beach","Ocean","River","Forest","Plains","Desert","Extreme Hills"]},"stat.useItem.minecraft.red_flower":3,"stat.useItem.minecraft.sandstone_stairs":138,"stat.useItem.minecraft.anvil":20,"stat.flyOneCm":3696117,"stat.timeSinceDeath":483786,"stat.useItem.minecraft.sign":74,"stat.useItem.minecraft.wooden_slab":1690,"stat.useItem.minecraft.lever":10,"stat.useItem.minecraft.oak_stairs":4,"stat.useItem.minecraft.dark_oak_stairs":16,"stat.useItem.minecraft.double_plant":19,"stat.useItem.minecraft.written_book":2,"stat.useItem.minecraft.trapdoor":23,"stat.sprintOneCm":724357,"stat.useItem.minecraft.stained_glass":59,"stat.useItem.minecraft.diamond_block":9,"stat.useItem.minecraft.hay_block":2,"stat.useItem.minecraft.fence":27,"stat.useItem.minecraft.stone_stairs":4,"stat.useItem.minecraft.stone_slab":1223,"stat.useItem.minecraft.ice":1593,"achievement.openInventory":1150,"stat.useItem.minecraft.cauldron":50,"stat.useItem.minecraft.flint_and_steel":29329,"stat.useItem.minecraft.wooden_button":2,"stat.useItem.minecraft.hopper":10,"stat.useItem.minecraft.bucket":1,"stat.deaths":1,"stat.drop":5,"stat.playOneMinute":1355896,"stat.useItem.minecraft.banner":5,"stat.diveOneCm":462357,"stat.useItem.minecraft.stone":1710,"stat.useItem.minecraft.quartz_stairs":62,"stat.useItem.minecraft.sponge":155,"stat.useItem.minecraft.carpet":292,"stat.useItem.minecraft.heavy_weighted_pressure_plate":8,"stat.useItem.minecraft.stained_glass_pane":151,"stat.useItem.minecraft.packed_ice":3,"stat.useItem.minecraft.flower_pot":27,"stat.jump":2974,"stat.useItem.minecraft.sand":1778,"stat.crouchOneCm":46751,"stat.useItem.minecraft.stone_button":32,"stat.useItem.minecraft.glass":536,"stat.useItem.minecraft.dark_oak_fence":5,"stat.useItem.minecraft.stone_brick_stairs":45,"stat.useItem.minecraft.furnace":9,"stat.useItem.minecraft.reeds":290,"stat.useItem.minecraft.gold_block":1,"stat.damageDealt":90,"stat.useItem.minecraft.wool":499,"stat.useItem.minecraft.snow_layer":2633,"stat.walkOneCm":3767128,"stat.useItem.minecraft.torch":3,"stat.useItem.minecraft.log":7,"stat.useItem.minecraft.cobblestone":24,"stat.useItem.minecraft.emerald_block":1,"stat.useItem.minecraft.redstone_block":1,"stat.useItem.minecraft.item_frame":51,"stat.useItem.minecraft.spruce_stairs":22,"stat.useItem.minecraft.stained_hardened_clay":3045,"stat.useItem.minecraft.leaves":35,"stat.useItem.minecraft.tallgrass":5,"stat.useItem.minecraft.glass_pane":17,"stat.useItem.minecraft.netherrack":19,"stat.useItem.minecraft.tripwire_hook":17,"stat.useItem.minecraft.barrier":76,"stat.useItem.minecraft.iron_block":6,"stat.useItem.minecraft.wooden_pressure_plate":2,"stat.useItem.minecraft.stonebrick":510,"stat.useItem.minecraft.wooden_door":8,"stat.useItem.minecraft.mossy_cobblestone":1,"stat.useItem.minecraft.cobblestone_wall":16,"stat.useItem.minecraft.writable_book":2,"stat.useItem.minecraft.sandstone":102}