{"stats":{"minecraft:crafted":{"minecraft:brown_mushroom":12,"minecraft:lily_pad":10,"minecraft:podzol":18,"minecraft:orange_dye":36,"minecraft:air":0,"minecraft:acacia_sapling":8,"minecraft:tube_coral_block":8},"minecraft:used":{"minecraft:light_blue_carpet":257,"minecraft:oak_trapdoor":57,"minecraft:netherite_sword":31,"minecraft:water_bucket":68,"minecraft:jack_o_lantern":2,"minecraft:end_rod":124,"minecraft:iron_bars":2,"minecraft:enchanting_table":2,"minecraft:brick_wall":15,"minecraft:prismarine_brick_slab":6,"minecraft:birch_planks":2,"minecraft:smooth_quartz_slab":513,"minecraft:armor_stand":2,"minecraft:acacia_trapdoor":15,"minecraft:gray_carpet":195,"minecraft:oak_planks":93,"minecraft:light_gray_carpet":529,"minecraft:stone":30,"minecraft:redstone_block":17,"minecraft:spruce_sign":86,"minecraft:cauldron":5,"minecraft:parrot_spawn_egg":16,"minecraft:smooth_sandstone_stairs":4,"minecraft:quartz_stairs":4,"minecraft:sugar_cane":2,"minecraft:lily_of_the_valley":1,"minecraft:smooth_quartz_stairs":175,"minecraft:pink_concrete":41,"minecraft:conduit":7,"minecraft:oak_leaves":239,"minecraft:birch_pressure_plate":11,"minecraft:dirt":21,"minecraft:end_stone_brick_wall":6,"minecraft:light_gray_banner":5,"minecraft:orange_carpet":22,"minecraft:purpur_stairs":48,"minecraft:white_carpet":230,"minecraft:oak_slab":68,"minecraft:loom":4,"minecraft:hopper":7,"minecraft:light_blue_wool":8,"minecraft:black_banner":8,"minecraft:birch_sign":32,"minecraft:cobblestone_wall":6,"minecraft:stone_brick_wall":6,"minecraft:campfire":19,"minecraft:pink_carpet":237,"minecraft:gray_concrete":309,"minecraft:note_block":8,"minecraft:painting":22,"minecraft:magenta_carpet":133,"minecraft:beehive":3,"minecraft:spruce_fence":6,"minecraft:red_sandstone_wall":28,"minecraft:smoker":7,"minecraft:stripped_spruce_log":10,"minecraft:dark_oak_door":36,"minecraft:milk_bucket":1,"minecraft:polished_diorite":24,"minecraft:birch_fence":10,"minecraft:birch_door":18,"minecraft:glass":236,"minecraft:piston":25,"minecraft:black_stained_glass_pane":68,"minecraft:flower_pot":83,"minecraft:command_block":4,"minecraft:sea_lantern":473,"minecraft:black_concrete":34,"minecraft:heavy_weighted_pressure_plate":11,"minecraft:bookshelf":58,"minecraft:red_tulip":1,"minecraft:daylight_detector":8,"minecraft:lime_banner":27,"minecraft:lime_carpet":85,"minecraft:stripped_jungle_log":9,"minecraft:grass_block":145,"minecraft:light_gray_concrete":135,"minecraft:oak_stairs":39,"minecraft:lantern":56,"minecraft:blue_orchid":3,"minecraft:string":4,"minecraft:stone_button":1,"minecraft:smooth_sandstone":2,"minecraft:netherite_axe":1,"minecraft:spruce_trapdoor":105,"minecraft:oak_pressure_plate":19,"minecraft:tropical_fish_spawn_egg":7,"minecraft:diorite_wall":9,"minecraft:lilac":1,"minecraft:stone_bricks":103,"minecraft:item_frame":54,"minecraft:light_gray_wool":73,"minecraft:birch_trapdoor":65,"minecraft:tripwire_hook":5,"minecraft:red_nether_brick_wall":6,"minecraft:glowstone":1,"minecraft:red_carpet":47,"minecraft:lime_concrete":21,"minecraft:black_stained_glass":49,"minecraft:scaffolding":105,"minecraft:iron_trapdoor":37,"minecraft:sea_pickle":10,"minecraft:stripped_oak_wood":66,"minecraft:white_banner":60,"minecraft:polished_blackstone_button":2,"minecraft:white_stained_glass_pane":231,"minecraft:smooth_stone_slab":21,"minecraft:birch_log":42,"minecraft:acacia_wood":60,"minecraft:glass_pane":20,"minecraft:chain":3,"minecraft:polished_diorite_stairs":39,"minecraft:gray_banner":4,"minecraft:granite_wall":12,"minecraft:white_concrete":4756,"minecraft:purple_carpet":16,"minecraft:turtle_egg":15,"minecraft:splash_potion":14,"minecraft:diorite_slab":10,"minecraft:birch_stairs":13},"minecraft:dropped":{"minecraft:wooden_axe":1,"minecraft:white_concrete":1},"minecraft:picked_up":{"minecraft:wooden_axe":1,"minecraft:feather":13,"minecraft:splash_potion":1,"minecraft:chicken":4,"minecraft:leather":2,"minecraft:lead":2,"minecraft:oak_stairs":1,"minecraft:string":1,"minecraft:lantern":10,"minecraft:white_banner":26,"minecraft:item_frame":11,"minecraft:birch_pressure_plate":1,"minecraft:purple_carpet":8,"minecraft:white_carpet":1,"minecraft:blue_orchid":1,"minecraft:gray_carpet":3,"minecraft:sea_pickle":4,"minecraft:cooked_chicken":3,"minecraft:sugar_cane":1,"minecraft:dark_oak_door":2,"minecraft:scaffolding":2,"minecraft:oak_pressure_plate":3,"minecraft:pink_carpet":21,"minecraft:grass_block":2,"minecraft:sea_lantern":1,"minecraft:cooked_cod":6,"minecraft:tropical_fish":7,"minecraft:light_blue_carpet":15,"minecraft:white_concrete":2,"minecraft:end_rod":1,"minecraft:spruce_sign":22,"minecraft:light_gray_carpet":54},"minecraft:custom":{"minecraft:mob_kills":34,"minecraft:inspect_hopper":1,"minecraft:traded_with_villager":51,"minecraft:tune_noteblock":3,"minecraft:fill_cauldron":3,"minecraft:play_one_minute":656771,"minecraft:interact_with_loom":6,"minecraft:pot_flower":69,"minecraft:leave_game":15,"minecraft:time_since_death":54353,"minecraft:climb_one_cm":185,"minecraft:time_since_rest":54377,"minecraft:sprint_one_cm":330501,"minecraft:walk_one_cm":704897,"minecraft:drop":2,"minecraft:damage_dealt":2460,"minecraft:swim_one_cm":667,"minecraft:talked_to_villager":3,"minecraft:fly_one_cm":2714241,"minecraft:crouch_one_cm":54228,"minecraft:deaths":7,"minecraft:sneak_time":28355,"minecraft:walk_under_water_one_cm":1978,"minecraft:jump":1637,"minecraft:walk_on_water_one_cm":15478,"minecraft:interact_with_smoker":1},"minecraft:killed":{"minecraft:parrot":8,"minecraft:bat":16,"minecraft:wandering_trader":1,"minecraft:trader_llama":2,"minecraft:tropical_fish":7}},"DataVersion":2586}