{"stats":{"minecraft:used":{"minecraft:andesite_wall":8,"minecraft:stone_bricks":61,"minecraft:smooth_quartz_stairs":5,"minecraft:oak_leaves":1,"minecraft:diorite":3,"minecraft:end_rod":2,"minecraft:sea_lantern":20,"minecraft:diamond_block":360,"minecraft:quartz_pillar":215,"minecraft:white_carpet":5,"minecraft:lantern":2,"minecraft:red_concrete":2,"minecraft:smooth_quartz_slab":11,"minecraft:white_banner":1,"minecraft:grass_block":1,"minecraft:birch_sign":1,"minecraft:netherite_axe":14,"minecraft:andesite_slab":6,"minecraft:gray_concrete":45,"minecraft:white_concrete":163,"minecraft:pink_carpet":6,"minecraft:smooth_quartz":2,"minecraft:smooth_stone":2,"minecraft:polished_diorite":2},"minecraft:killed":{"minecraft:trader_llama":2,"minecraft:wandering_trader":1,"minecraft:pig":4},"minecraft:picked_up":{"minecraft:leather":1,"minecraft:lead":2,"minecraft:porkchop":10},"minecraft:custom":{"minecraft:time_since_rest":37887,"minecraft:crouch_one_cm":14869,"minecraft:play_one_minute":93536,"minecraft:sprint_one_cm":114790,"minecraft:deaths":2,"minecraft:walk_one_cm":118759,"minecraft:sneak_time":7215,"minecraft:walk_under_water_one_cm":401,"minecraft:mob_kills":7,"minecraft:jump":554,"minecraft:damage_dealt":1089,"minecraft:leave_game":9,"minecraft:walk_on_water_one_cm":1704,"minecraft:time_since_death":37855,"minecraft:tune_noteblock":1,"minecraft:fly_one_cm":1344862}},"DataVersion":2586}