{"stats":{"minecraft:killed":{"minecraft:chicken":3,"minecraft:parrot":2,"minecraft:bat":15,"minecraft:wandering_trader":1,"minecraft:sheep":2,"minecraft:trader_llama":2},"minecraft:custom":{"minecraft:mob_kills":25,"minecraft:inspect_hopper":2,"minecraft:fill_cauldron":2,"minecraft:leave_game":18,"minecraft:time_since_death":166753,"minecraft:climb_one_cm":225,"minecraft:sprint_one_cm":483602,"minecraft:walk_one_cm":746226,"minecraft:drop":2,"minecraft:talked_to_villager":1,"minecraft:deaths":9,"minecraft:sneak_time":55322,"minecraft:walk_under_water_one_cm":16439,"minecraft:jump":1961,"minecraft:walk_on_water_one_cm":41108,"minecraft:play_one_minute":1001457,"minecraft:interact_with_loom":11,"minecraft:pot_flower":46,"minecraft:sleep_in_bed":1,"minecraft:time_since_rest":166775,"minecraft:damage_dealt":2050,"minecraft:swim_one_cm":8894,"minecraft:fly_one_cm":7826353,"minecraft:open_chest":1,"minecraft:crouch_one_cm":95158},"minecraft:picked_up":{"minecraft:azure_bluet":2,"minecraft:chicken":3,"minecraft:lead":2,"minecraft:cornflower":8,"minecraft:item_frame":5,"minecraft:white_carpet":2,"minecraft:blue_orchid":1,"minecraft:poppy":1,"minecraft:crimson_sign":1,"minecraft:dark_oak_door":7,"minecraft:oak_door":1,"minecraft:torch":14,"minecraft:pink_carpet":1,"minecraft:mutton":2,"minecraft:white_wool":2,"minecraft:oxeye_daisy":5,"minecraft:feather":9,"minecraft:leather":2,"minecraft:white_banner":1,"minecraft:lantern":12,"minecraft:gray_carpet":1,"minecraft:wheat_seeds":13,"minecraft:scaffolding":1,"minecraft:dandelion":8,"minecraft:spruce_sapling":1,"minecraft:lily_of_the_valley":4,"minecraft:birch_sign":3,"minecraft:spruce_sign":12,"minecraft:oak_sapling":2},"minecraft:dropped":{"minecraft:sand":1,"minecraft:birch_sign":1},"minecraft:used":{"minecraft:diorite_stairs":3,"minecraft:peony":1,"minecraft:oak_fence":9,"minecraft:purpur_block":11,"minecraft:light_blue_banner":3,"minecraft:netherite_sword":14,"minecraft:rose_bush":1,"minecraft:iron_bars":173,"minecraft:white_tulip":1,"minecraft:smooth_quartz_slab":1224,"minecraft:red_concrete":6,"minecraft:armor_stand":4,"minecraft:spruce_slab":4,"minecraft:light_gray_carpet":93,"minecraft:chest":4,"minecraft:stone":1011,"minecraft:quartz_stairs":119,"minecraft:end_stone_brick_wall":3,"minecraft:dirt":40,"minecraft:lily_of_the_valley":266,"minecraft:white_carpet":351,"minecraft:hopper":5,"minecraft:prismarine_bricks":2,"minecraft:cobblestone_wall":1,"minecraft:yellow_carpet":6,"minecraft:polished_granite_slab":52,"minecraft:pink_carpet":597,"minecraft:beehive":4,"minecraft:andesite_wall":723,"minecraft:jungle_sapling":16,"minecraft:glass":42,"minecraft:stone_brick_slab":4,"minecraft:wooden_axe":5,"minecraft:sea_lantern":796,"minecraft:bricks":425,"minecraft:bookshelf":52,"minecraft:quartz_slab":41,"minecraft:black_stained_glass_pane":31,"minecraft:lantern":37,"minecraft:grass_block":1115,"minecraft:blue_orchid":254,"minecraft:jungle_log":6,"minecraft:crimson_slab":86,"minecraft:quartz_block":57,"minecraft:netherite_hoe":33,"minecraft:tropical_fish_spawn_egg":7,"minecraft:smooth_quartz":32,"minecraft:diorite_wall":31,"minecraft:pink_wool":33,"minecraft:crimson_planks":2,"minecraft:stone_brick_stairs":95,"minecraft:stone_bricks":629,"minecraft:item_frame":40,"minecraft:tripwire_hook":3,"minecraft:birch_trapdoor":30,"minecraft:black_stained_glass":24,"minecraft:iron_trapdoor":28,"minecraft:scaffolding":27,"minecraft:oak_sapling":1,"minecraft:acacia_wood":71,"minecraft:gold_block":4,"minecraft:skeleton_skull":2,"minecraft:granite_wall":3,"minecraft:turtle_egg":44,"minecraft:light_blue_carpet":193,"minecraft:wheat_seeds":28,"minecraft:water_bucket":176,"minecraft:diorite":92,"minecraft:end_rod":88,"minecraft:brick_wall":279,"minecraft:acacia_trapdoor":27,"minecraft:gray_carpet":318,"minecraft:oak_planks":81,"minecraft:andesite_slab":365,"minecraft:smooth_sandstone_slab":48,"minecraft:sandstone":3,"minecraft:redstone_block":3,"minecraft:cauldron":3,"minecraft:sugar_cane":1,"minecraft:purpur_pillar":7,"minecraft:oak_leaves":3115,"minecraft:smooth_quartz_stairs":81,"minecraft:white_wool":11,"minecraft:pink_concrete":31,"minecraft:diamond_block":142,"minecraft:purpur_stairs":23,"minecraft:light_gray_banner":11,"minecraft:stripped_dark_oak_log":93,"minecraft:vine":38,"minecraft:oak_slab":133,"minecraft:loom":6,"minecraft:red_bed":14,"minecraft:birch_sign":27,"minecraft:black_banner":15,"minecraft:campfire":6,"minecraft:note_block":12,"minecraft:fire_coral":4,"minecraft:gray_concrete":639,"minecraft:stone_brick_wall":566,"minecraft:painting":44,"minecraft:magenta_carpet":118,"minecraft:dark_oak_door":24,"minecraft:oak_log":322,"minecraft:piston":12,"minecraft:flower_pot":49,"minecraft:black_concrete":10,"minecraft:birch_fence_gate":2,"minecraft:acacia_sign":2,"minecraft:light_gray_concrete":5,"minecraft:lime_carpet":47,"minecraft:heavy_weighted_pressure_plate":4,"minecraft:stone_button":29,"minecraft:netherite_axe":13,"minecraft:purpur_slab":4,"minecraft:spruce_trapdoor":13,"minecraft:oak_pressure_plate":1,"minecraft:spruce_sapling":1,"minecraft:gravel":58,"minecraft:lilac":1,"minecraft:crimson_sign":3,"minecraft:magenta_banner":1,"minecraft:orange_banner":3,"minecraft:crimson_stairs":72,"minecraft:white_banner":41,"minecraft:stripped_oak_wood":99,"minecraft:dark_oak_fence":17,"minecraft:andesite":6,"minecraft:white_stained_glass":147,"minecraft:andesite_stairs":6,"minecraft:chain":52,"minecraft:polished_blackstone_button":4,"minecraft:sea_pickle":5,"minecraft:stripped_oak_log":12,"minecraft:white_concrete":2260,"minecraft:tropical_fish_bucket":1,"minecraft:purple_carpet":73,"minecraft:bone_meal":175,"minecraft:splash_potion":25,"minecraft:diorite_slab":185,"minecraft:birch_stairs":63}},"DataVersion":2586}