{"stats":{"minecraft:used":{"minecraft:gray_carpet":2,"minecraft:smooth_quartz_stairs":2,"minecraft:diamond_block":12,"minecraft:grass_block":12},"minecraft:picked_up":{"minecraft:birch_sign":2},"minecraft:custom":{"minecraft:jump":344,"minecraft:time_since_rest":80761,"minecraft:play_one_minute":80761,"minecraft:crouch_one_cm":7131,"minecraft:leave_game":8,"minecraft:sprint_one_cm":184724,"minecraft:time_since_death":80761,"minecraft:walk_on_water_one_cm":2487,"minecraft:walk_one_cm":159447,"minecraft:sneak_time":4642,"minecraft:climb_one_cm":1062,"minecraft:walk_under_water_one_cm":470,"minecraft:tune_noteblock":8,"minecraft:fly_one_cm":656933}},"DataVersion":2586}